{"_wandb":{"runtime":1341},"_runtime":1326.287122554,"train/box_loss":0.0320219062268734,"train/cls_loss":0.011361938901245594,"val/cls_loss":0.011836632154881954,"metrics/recall":0.9228689537194003,"best/epoch":23,"_timestamp":1.7432461302813385e+09,"best/recall":0.9228689537194003,"x/lr1":0.005644000000000001,"val/box_loss":0.027550484985113144,"metrics/precision":0.9169994358414364,"best/mAP_0.5:0.95":0.6725395040378969,"x/lr0":0.005644000000000001,"_step":23,"val/obj_loss":0.0030298233032226562,"metrics/mAP_0.5":0.9356271198426098,"metrics/mAP_0.5:0.95":0.6725395040378969,"best/precision":0.9169994358414364,"Mosaics":{"width":1920,"height":1920,"format":"jpg","count":3,"filenames":["media/images/Mosaics_0_21d43e4b8fe277ebfe1f.jpg","media/images/Mosaics_0_1a7f9f55ccfb69bfa054.jpg","media/images/Mosaics_0_a1b62d0becd3507fe47a.jpg"],"captions":["train_batch0.jpg","train_batch1.jpg","train_batch2.jpg"],"_type":"images/separated"},"train/obj_loss":0.01012168638408184,"best/mAP_0.5":0.9356271198426098,"x/lr2":0.005644000000000001,"Labels":{"_type":"images/separated","width":1600,"height":1600,"format":"jpg","count":2,"filenames":["media/images/Labels_0_440cf14133cc24d00fef.jpg","media/images/Labels_0_316b03ec4d27d08a69a1.jpg"],"captions":["labels.jpg","labels_correlogram.jpg"]}}