{"Validation":{"filenames":["media/images/Validation_30_3d2eb1c5b4cf6ecd0a5e.jpg","media/images/Validation_30_3c0b3b761051f9f3d50f.jpg","media/images/Validation_30_2b86418a50ac7ab326c6.jpg","media/images/Validation_30_913e30753206e9ce3d20.jpg","media/images/Validation_30_4f6351dd1e17e901f06f.jpg","media/images/Validation_30_5b46df8fa76cb95e882c.jpg"],"captions":["val_batch0_labels.jpg","val_batch0_pred.jpg","val_batch1_labels.jpg","val_batch1_pred.jpg","val_batch2_labels.jpg","val_batch2_pred.jpg"],"_type":"images/separated","width":1920,"height":1920,"format":"jpg","count":6},"x/lr2":0.0007599999999999998,"train/obj_loss":0.00591999152675271,"metrics/mAP_0.5:0.95":0.7384232552503286,"x/lr0":0.0007599999999999998,"best/mAP_0.5":0.9504336098772207,"_timestamp":1.7432477171909525e+09,"train/box_loss":0.018948758020997047,"Mosaics":{"count":3,"filenames":["media/images/Mosaics_0_d6e15ca39162b3ffcede.jpg","media/images/Mosaics_0_dd550c9aa43c4d78f072.jpg","media/images/Mosaics_0_1c608a1795b5e287e6fc.jpg"],"captions":["train_batch0.jpg","train_batch1.jpg","train_batch2.jpg"],"_type":"images/separated","width":1920,"height":1920,"format":"jpg"},"Results":{"width":2400,"height":1200,"format":"png","count":6,"filenames":["media/images/Results_30_99243cd53145b43bc1d2.png","media/images/Results_30_8351eed196addb6b2aa7.png","media/images/Results_30_cb26d65bc840abdfe60c.png","media/images/Results_30_016f4dafd51710a1a044.png","media/images/Results_30_f6395f623e60893dde94.png","media/images/Results_30_4cd985f173c4da1c1929.png"],"captions":["results.png","confusion_matrix.png","F1_curve.png","PR_curve.png","P_curve.png","R_curve.png"],"_type":"images/separated"},"metrics/mAP_0.5":0.9503506469857573,"best/epoch":29,"best/mAP_0.5:0.95":0.7387213803128979,"val/obj_loss":0.0028514068108052015,"metrics/recall":0.9230703463085081,"_wandb":{"runtime":833},"_step":30,"val/box_loss":0.029309064149856567,"train/cls_loss":0.002991624176502228,"best/recall":0.9230357775411445,"val/cls_loss":0.015366584062576294,"metrics/precision":0.9403257794829827,"best/precision":0.9403571572515258,"x/lr1":0.0007599999999999998,"_runtime":833.003673943,"Labels":{"count":2,"filenames":["media/images/Labels_0_39443d487f73758bf76f.jpg","media/images/Labels_0_1d3c4d51f6124c88ca05.jpg"],"captions":["labels.jpg","labels_correlogram.jpg"],"_type":"images/separated","width":1600,"height":1600,"format":"jpg"}}