{"x/lr1":0.003267973856209151,"val/cls_loss":0.02756652981042862,"best/recall":0.376233471085249,"x/lr0":0.07058823529411765,"_step":0,"_wandb":{"runtime":69},"metrics/precision":0.14248255877218216,"x/lr2":0.003267973856209151,"best/mAP_0.5":0.12026684291862966,"best/epoch":0,"best/mAP_0.5:0.95":0.03823642617071651,"metrics/mAP_0.5":0.12026684291862966,"_runtime":49.158698869,"best/precision":0.14248255877218216,"train/cls_loss":0.03629147261381149,"_timestamp":1.743246650679653e+09,"val/obj_loss":0.008532524108886719,"train/box_loss":0.08052200824022293,"Labels":{"_type":"images/separated","width":1600,"height":1600,"format":"jpg","count":2,"filenames":["media/images/Labels_0_39443d487f73758bf76f.jpg","media/images/Labels_0_1d3c4d51f6124c88ca05.jpg"],"captions":["labels.jpg","labels_correlogram.jpg"]},"metrics/mAP_0.5:0.95":0.03823642617071651,"val/box_loss":0.06029762700200081,"metrics/recall":0.376233471085249,"Mosaics":{"width":1920,"height":1920,"format":"jpg","count":3,"filenames":["media/images/Mosaics_0_d6e15ca39162b3ffcede.jpg","media/images/Mosaics_0_dd550c9aa43c4d78f072.jpg","media/images/Mosaics_0_1c608a1795b5e287e6fc.jpg"],"captions":["train_batch0.jpg","train_batch1.jpg","train_batch2.jpg"],"_type":"images/separated"},"train/obj_loss":0.020685343071818352}