{"_runtime":100.454759389,"metrics/mAP_0.5:0.95":0.22654409806458845,"best/mAP_0.5:0.95":0.22654409806458845,"val/obj_loss":0.006573279853910208,"best/precision":0.5774744319883677,"val/cls_loss":0.021157456561923027,"_step":2,"metrics/precision":0.5774744319883677,"best/recall":0.39215121935909014,"train/box_loss":0.0440155528485775,"_timestamp":1.7432468010279942e+09,"best/mAP_0.5":0.42518868041887226,"train/obj_loss":0.012038235552608967,"metrics/recall":0.39215121935909014,"x/lr2":0.009278954248366014,"_wandb":{"runtime":105},"x/lr1":0.009278954248366014,"metrics/mAP_0.5":0.42518868041887226,"train/cls_loss":0.01972907781600952,"x/lr0":0.009932549019607842,"Labels":{"_type":"images/separated","width":1600,"height":1600,"format":"jpg","count":2,"filenames":["media/images/Labels_0_39443d487f73758bf76f.jpg","media/images/Labels_0_1d3c4d51f6124c88ca05.jpg"],"captions":["labels.jpg","labels_correlogram.jpg"]},"best/epoch":2,"val/box_loss":0.058204639703035355,"Mosaics":{"captions":["train_batch0.jpg","train_batch1.jpg","train_batch2.jpg"],"_type":"images/separated","width":1920,"height":1920,"format":"jpg","count":3,"filenames":["media/images/Mosaics_0_d6e15ca39162b3ffcede.jpg","media/images/Mosaics_0_dd550c9aa43c4d78f072.jpg","media/images/Mosaics_0_1c608a1795b5e287e6fc.jpg"]}}