{"Validation":{"width":1920,"height":1920,"format":"jpg","count":6,"filenames":["media/images/Validation_30_3d2eb1c5b4cf6ecd0a5e.jpg","media/images/Validation_30_4c06102de65c383a9eb0.jpg","media/images/Validation_30_2b86418a50ac7ab326c6.jpg","media/images/Validation_30_6f2be4cc03eee0527d7a.jpg","media/images/Validation_30_4f6351dd1e17e901f06f.jpg","media/images/Validation_30_41dcfb9eeeff653badd6.jpg"],"captions":["val_batch0_labels.jpg","val_batch0_pred.jpg","val_batch1_labels.jpg","val_batch1_pred.jpg","val_batch2_labels.jpg","val_batch2_pred.jpg"],"_type":"images/separated"},"best/recall":0.8440215073404116,"Results":{"captions":["results.png","confusion_matrix.png","F1_curve.png","PR_curve.png","P_curve.png","R_curve.png"],"_type":"images/separated","width":2400,"height":1200,"format":"png","count":6,"filenames":["media/images/Results_30_285fcb2cbafa0450efd1.png","media/images/Results_30_df575fc4bd71319ba05f.png","media/images/Results_30_14ed6dc8901e8e550a09.png","media/images/Results_30_052975e20fd493731303.png","media/images/Results_30_4ee3ec2df295dfb3002d.png","media/images/Results_30_35eb549881ede4737451.png"]},"best/mAP_0.5":0.91276264321854,"x/lr1":0.0007599999999999998,"train/box_loss":0.03376835212111473,"x/lr0":0.0007599999999999998,"train/cls_loss":0.012615109793841839,"metrics/mAP_0.5:0.95":0.5886366853326117,"best/mAP_0.5:0.95":0.5887207291261759,"metrics/mAP_0.5":0.9125919828709604,"metrics/recall":0.8447247979592883,"train/obj_loss":0.011766267009079456,"best/precision":0.8768080654727607,"val/box_loss":0.03485075756907463,"_timestamp":1.743247851130759e+09,"_runtime":998.632158777,"_wandb":{"runtime":998},"val/obj_loss":0.0037268002051860094,"Mosaics":{"_type":"images/separated","width":1920,"height":1920,"format":"jpg","count":3,"filenames":["media/images/Mosaics_0_232c9b82d12bca2f1ba2.jpg","media/images/Mosaics_0_6b926b798840fedaa24a.jpg","media/images/Mosaics_0_5f865582b575b4a6d67d.jpg"],"captions":["train_batch0.jpg","train_batch1.jpg","train_batch2.jpg"]},"metrics/precision":0.8765918941541825,"x/lr2":0.0007599999999999998,"best/epoch":28,"_step":30,"val/cls_loss":0.023122118785977364,"Labels":{"_type":"images/separated","width":1600,"height":1600,"format":"jpg","count":2,"filenames":["media/images/Labels_0_cb369c9d673cba6a0f64.jpg","media/images/Labels_0_8e9118d266190ea5f3c0.jpg"],"captions":["labels.jpg","labels_correlogram.jpg"]}}